{
  "Status" : {
    "transaction" : "Status",
    "sampleCount" : 5,
    "errorCount" : 0,
    "errorPct" : 0.0,
    "meanResTime" : 276.4,
    "medianResTime" : 276.0,
    "minResTime" : 268.0,
    "maxResTime" : 286.0,
    "pct1ResTime" : 286.0,
    "pct2ResTime" : 286.0,
    "pct3ResTime" : 286.0,
    "throughput" : 3.802281368821293,
    "receivedKBytesPerSec" : 1.4035765209125475,
    "sentKBytesPerSec" : 2.0013961501901143
  },
  "Kolak Up" : {
    "transaction" : "Kolak Up",
    "sampleCount" : 5,
    "errorCount" : 0,
    "errorPct" : 0.0,
    "meanResTime" : 278.6,
    "medianResTime" : 280.0,
    "minResTime" : 270.0,
    "maxResTime" : 282.0,
    "pct1ResTime" : 282.0,
    "pct2ResTime" : 282.0,
    "pct3ResTime" : 282.0,
    "throughput" : 3.8051750380517504,
    "receivedKBytesPerSec" : 1.289448963089802,
    "sentKBytesPerSec" : 2.0140672564687976
  },
  "Total" : {
    "transaction" : "Total",
    "sampleCount" : 15,
    "errorCount" : 0,
    "errorPct" : 0.0,
    "meanResTime" : 919.4666666666666,
    "medianResTime" : 282.0,
    "minResTime" : 268.0,
    "maxResTime" : 3807.0,
    "pct1ResTime" : 3316.2000000000003,
    "pct2ResTime" : 3807.0,
    "pct3ResTime" : 3807.0,
    "throughput" : 2.7462467960454044,
    "receivedKBytesPerSec" : 1.1746641569022336,
    "sentKBytesPerSec" : 1.2220440658183815
  },
  "Login" : {
    "transaction" : "Login",
    "sampleCount" : 5,
    "errorCount" : 0,
    "errorPct" : 0.0,
    "meanResTime" : 2203.4,
    "medianResTime" : 2020.0,
    "minResTime" : 1092.0,
    "maxResTime" : 3807.0,
    "pct1ResTime" : 3807.0,
    "pct2ResTime" : 3807.0,
    "pct3ResTime" : 3807.0,
    "throughput" : 1.0189525168127165,
    "receivedKBytesPerSec" : 0.586096711330752,
    "sentKBytesPerSec" : 0.2845902537191767
  }
}